{
  "type_description_msg": {
    "type_description": {
      "type_name": "esa_src_msgs/msg/Pwm",
      "fields": [
        {
          "name": "pin",
          "type": {
            "type_id": 3,
            "capacity": 0,
            "string_capacity": 0,
            "nested_type_name": ""
          },
          "default_value": ""
        },
        {
          "name": "value",
          "type": {
            "type_id": 5,
            "capacity": 0,
            "string_capacity": 0,
            "nested_type_name": ""
          },
          "default_value": ""
        }
      ]
    },
    "referenced_type_descriptions": []
  },
  "type_hashes": [
    {
      "type_name": "esa_src_msgs/msg/Pwm",
      "hash_string": "RIHS01_8831ce750284ecd95da4c92f2a44af6ee803ad681cd0fa0234a8d5caf69e4816"
    }
  ]
}