{
  "type_description_msg": {
    "type_description": {
      "type_name": "esa_src_msgs/srv/SetPwm",
      "fields": [
        {
          "name": "request_message",
          "type": {
            "type_id": 1,
            "capacity": 0,
            "string_capacity": 0,
            "nested_type_name": "esa_src_msgs/srv/SetPwm_Request"
          },
          "default_value": ""
        },
        {
          "name": "response_message",
          "type": {
            "type_id": 1,
            "capacity": 0,
            "string_capacity": 0,
            "nested_type_name": "esa_src_msgs/srv/SetPwm_Response"
          },
          "default_value": ""
        },
        {
          "name": "event_message",
          "type": {
            "type_id": 1,
            "capacity": 0,
            "string_capacity": 0,
            "nested_type_name": "esa_src_msgs/srv/SetPwm_Event"
          },
          "default_value": ""
        }
      ]
    },
    "referenced_type_descriptions": [
      {
        "type_name": "builtin_interfaces/msg/Time",
        "fields": [
          {
            "name": "sec",
            "type": {
              "type_id": 6,
              "capacity": 0,
              "string_capacity": 0,
              "nested_type_name": ""
            },
            "default_value": ""
          },
          {
            "name": "nanosec",
            "type": {
              "type_id": 7,
              "capacity": 0,
              "string_capacity": 0,
              "nested_type_name": ""
            },
            "default_value": ""
          }
        ]
      },
      {
        "type_name": "esa_src_msgs/msg/Pwm",
        "fields": [
          {
            "name": "pin",
            "type": {
              "type_id": 3,
              "capacity": 0,
              "string_capacity": 0,
              "nested_type_name": ""
            },
            "default_value": ""
          },
          {
            "name": "value",
            "type": {
              "type_id": 5,
              "capacity": 0,
              "string_capacity": 0,
              "nested_type_name": ""
            },
            "default_value": ""
          }
        ]
      },
      {
        "type_name": "esa_src_msgs/srv/SetPwm_Event",
        "fields": [
          {
            "name": "info",
            "type": {
              "type_id": 1,
              "capacity": 0,
              "string_capacity": 0,
              "nested_type_name": "service_msgs/msg/ServiceEventInfo"
            },
            "default_value": ""
          },
          {
            "name": "request",
            "type": {
              "type_id": 97,
              "capacity": 1,
              "string_capacity": 0,
              "nested_type_name": "esa_src_msgs/srv/SetPwm_Request"
            },
            "default_value": ""
          },
          {
            "name": "response",
            "type": {
              "type_id": 97,
              "capacity": 1,
              "string_capacity": 0,
              "nested_type_name": "esa_src_msgs/srv/SetPwm_Response"
            },
            "default_value": ""
          }
        ]
      },
      {
        "type_name": "esa_src_msgs/srv/SetPwm_Request",
        "fields": [
          {
            "name": "pwms",
            "type": {
              "type_id": 145,
              "capacity": 0,
              "string_capacity": 0,
              "nested_type_name": "esa_src_msgs/msg/Pwm"
            },
            "default_value": ""
          }
        ]
      },
      {
        "type_name": "esa_src_msgs/srv/SetPwm_Response",
        "fields": [
          {
            "name": "success",
            "type": {
              "type_id": 15,
              "capacity": 0,
              "string_capacity": 0,
              "nested_type_name": ""
            },
            "default_value": ""
          }
        ]
      },
      {
        "type_name": "service_msgs/msg/ServiceEventInfo",
        "fields": [
          {
            "name": "event_type",
            "type": {
              "type_id": 3,
              "capacity": 0,
              "string_capacity": 0,
              "nested_type_name": ""
            },
            "default_value": ""
          },
          {
            "name": "stamp",
            "type": {
              "type_id": 1,
              "capacity": 0,
              "string_capacity": 0,
              "nested_type_name": "builtin_interfaces/msg/Time"
            },
            "default_value": ""
          },
          {
            "name": "client_gid",
            "type": {
              "type_id": 51,
              "capacity": 16,
              "string_capacity": 0,
              "nested_type_name": ""
            },
            "default_value": ""
          },
          {
            "name": "sequence_number",
            "type": {
              "type_id": 8,
              "capacity": 0,
              "string_capacity": 0,
              "nested_type_name": ""
            },
            "default_value": ""
          }
        ]
      }
    ]
  },
  "type_hashes": [
    {
      "type_name": "esa_src_msgs/srv/SetPwm",
      "hash_string": "RIHS01_5eed919f9dbca113718bbec2cd9a235991461f6170e341fe2974a59c6f1439aa"
    },
    {
      "type_name": "builtin_interfaces/msg/Time",
      "hash_string": "RIHS01_b106235e25a4c5ed35098aa0a61a3ee9c9b18d197f398b0e4206cea9acf9c197"
    },
    {
      "type_name": "esa_src_msgs/msg/Pwm",
      "hash_string": "RIHS01_8831ce750284ecd95da4c92f2a44af6ee803ad681cd0fa0234a8d5caf69e4816"
    },
    {
      "type_name": "esa_src_msgs/srv/SetPwm_Event",
      "hash_string": "RIHS01_500293bd2abd8523091c1c9869cfc18018263c0c9bc19a12e6d3494ca65e4c4a"
    },
    {
      "type_name": "esa_src_msgs/srv/SetPwm_Request",
      "hash_string": "RIHS01_6e769da925e11bd52dfa3ecc50c256fe61c36b817b3a58744da4a9091dbb4dc2"
    },
    {
      "type_name": "esa_src_msgs/srv/SetPwm_Response",
      "hash_string": "RIHS01_72d77ec265d9b795044d0a16b0f8d7cea19968892ccb3868be9efa8580f24f69"
    },
    {
      "type_name": "service_msgs/msg/ServiceEventInfo",
      "hash_string": "RIHS01_41bcbbe07a75c9b52bc96bfd5c24d7f0fc0a08c0cb7921b3373c5732345a6f45"
    }
  ]
}